[
  {
    "id": "2cedfc27-4c42-4a3d-99a9-b1bd143b101e",
    "data": [
      {
        "text": "No ",
        "userDefined": false
      },
      {
        "text": "discipline",
        "alias": "topic",
        "meta": "@Topic",
        "userDefined": false
      }
    ],
    "isTemplate": false,
    "count": 0,
    "updated": 1550759628
  },
  {
    "id": "d9bf2e5f-a4d7-4624-a3c6-5477f27bab0d",
    "data": [
      {
        "text": "Bad ",
        "userDefined": false
      },
      {
        "text": "discipline",
        "alias": "topic",
        "meta": "@Topic",
        "userDefined": false
      }
    ],
    "isTemplate": false,
    "count": 0,
    "updated": 1550759628
  },
  {
    "id": "1541d1a0-762d-483e-9980-41b5f75f7f9c",
    "data": [
      {
        "text": "good ",
        "userDefined": false
      },
      {
        "text": "discipline",
        "alias": "topic",
        "meta": "@Topic",
        "userDefined": false
      }
    ],
    "isTemplate": false,
    "count": 0,
    "updated": 1550759628
  },
  {
    "id": "af0d6351-4679-476f-a1ef-081f37b87ae6",
    "data": [
      {
        "text": "where is ",
        "userDefined": false
      },
      {
        "text": "discipline",
        "alias": "topic",
        "meta": "@Topic",
        "userDefined": false
      }
    ],
    "isTemplate": false,
    "count": 0,
    "updated": 1550759628
  },
  {
    "id": "c3a1b635-7a79-4231-a4a2-0355c11ad22c",
    "data": [
      {
        "text": "What ",
        "userDefined": false
      },
      {
        "text": "Discipline",
        "alias": "topic",
        "meta": "@Topic",
        "userDefined": false
      }
    ],
    "isTemplate": false,
    "count": 0,
    "updated": 1550759628
  },
  {
    "id": "7d144ac5-c43a-4248-b610-27a1b4c24f7c",
    "data": [
      {
        "text": "Tell me ",
        "userDefined": false
      },
      {
        "text": "discipline",
        "alias": "topic",
        "meta": "@Topic",
        "userDefined": false
      }
    ],
    "isTemplate": false,
    "count": 0,
    "updated": 1550759628
  },
  {
    "id": "bd1907f2-f475-4e4c-a0b0-f70919502c05",
    "data": [
      {
        "text": "what is ",
        "userDefined": false
      },
      {
        "text": "discipline",
        "alias": "topic",
        "meta": "@Topic",
        "userDefined": false
      }
    ],
    "isTemplate": false,
    "count": 0,
    "updated": 1550759628
  },
  {
    "id": "7f40c2bd-cb3b-4a5b-9317-b130e216f3ea",
    "data": [
      {
        "text": "I want to know about ",
        "userDefined": false
      },
      {
        "text": "discipline",
        "alias": "topic",
        "meta": "@Topic",
        "userDefined": true
      }
    ],
    "isTemplate": false,
    "count": 0,
    "updated": 1550759628
  }
]