[
  {
    "id": "69a7458f-87f9-43ee-99f8-ebbf33c5cd9d",
    "data": [
      {
        "text": "When do you close ?",
        "userDefined": false
      }
    ],
    "isTemplate": false,
    "count": 0,
    "updated": 1550584732
  },
  {
    "id": "37bd3062-b18b-4a00-a7c3-8d1654f7c1b9",
    "data": [
      {
        "text": "Are you open ",
        "userDefined": false
      },
      {
        "text": "today",
        "alias": "date",
        "meta": "@sys.date",
        "userDefined": false
      },
      {
        "text": " ?",
        "userDefined": false
      }
    ],
    "isTemplate": false,
    "count": 0,
    "updated": 1550584732
  },
  {
    "id": "e734ed8b-75e8-42a0-91ae-8c93b127c295",
    "data": [
      {
        "text": "Are you open right now ?",
        "userDefined": false
      }
    ],
    "isTemplate": false,
    "count": 0,
    "updated": 1550584732
  },
  {
    "id": "05860ce3-e612-4415-a96a-65b39e99e122",
    "data": [
      {
        "text": "What time do you open ?",
        "userDefined": false
      }
    ],
    "isTemplate": false,
    "count": 0,
    "updated": 1550584732
  }
]