[
  {
    "id": "2a25bacd-e5e6-4534-a802-b4ef981b695e",
    "data": [
      {
        "text": "i want ",
        "userDefined": false
      },
      {
        "text": "small",
        "alias": "Size",
        "meta": "@Size",
        "userDefined": false
      },
      {
        "text": " ",
        "userDefined": false
      },
      {
        "text": "strawberry",
        "alias": "flavour",
        "meta": "@flavour",
        "userDefined": false
      },
      {
        "text": " ",
        "userDefined": false
      },
      {
        "text": "smoothie",
        "alias": "drink",
        "meta": "@drink",
        "userDefined": false
      }
    ],
    "isTemplate": false,
    "count": 0,
    "updated": 1550586810
  },
  {
    "id": "9c74b0ec-ec63-42f6-85f8-ecc505807df7",
    "data": [
      {
        "text": "i want ",
        "userDefined": false
      },
      {
        "text": "vanilla",
        "alias": "flavour",
        "meta": "@flavour",
        "userDefined": false
      },
      {
        "text": " ",
        "userDefined": false
      },
      {
        "text": "milkshake",
        "alias": "drink",
        "meta": "@drink",
        "userDefined": false
      },
      {
        "text": " with 2% milk",
        "userDefined": false
      }
    ],
    "isTemplate": false,
    "count": 0,
    "updated": 1550586810
  },
  {
    "id": "aa390bfd-3aca-4b19-93c2-af9efe39b42d",
    "data": [
      {
        "text": "one",
        "alias": "number",
        "meta": "@sys.number",
        "userDefined": false
      },
      {
        "text": " ",
        "userDefined": false
      },
      {
        "text": "chocolate",
        "alias": "flavour",
        "meta": "@flavour",
        "userDefined": false
      },
      {
        "text": " ",
        "userDefined": false
      },
      {
        "text": "smoothie",
        "alias": "drink",
        "meta": "@drink",
        "userDefined": false
      },
      {
        "text": " please",
        "userDefined": false
      }
    ],
    "isTemplate": false,
    "count": 0,
    "updated": 1550586810
  },
  {
    "id": "d8912aa7-2e2a-41c0-861a-e6401997ace8",
    "data": [
      {
        "text": "i\u0027d like to order a ",
        "userDefined": false
      },
      {
        "text": "raspberry",
        "alias": "flavour",
        "meta": "@flavour",
        "userDefined": false
      },
      {
        "text": " ",
        "userDefined": false
      },
      {
        "text": "smoothie",
        "alias": "drink",
        "meta": "@drink",
        "userDefined": false
      },
      {
        "text": " please",
        "userDefined": false
      }
    ],
    "isTemplate": false,
    "count": 0,
    "updated": 1550586810
  },
  {
    "id": "4060177d-b0b1-42e2-9042-1329c60db708",
    "data": [
      {
        "text": "I would like a ",
        "userDefined": false
      },
      {
        "text": "mocha",
        "alias": "flavour",
        "meta": "@flavour",
        "userDefined": false
      },
      {
        "text": " ",
        "userDefined": false
      },
      {
        "text": "smoothie",
        "alias": "drink",
        "meta": "@drink",
        "userDefined": false
      }
    ],
    "isTemplate": false,
    "count": 0,
    "updated": 1550586810
  }
]